Lifespan,partType,microstructure,coolingRate,quenchTime,forgeTime,smallDefects,largeDefects,sliverDefects,seedLocation,castType
1818.040455755639,Block,equiGrain,7,2.3017817572941666,1.2889341977968043,0,0,0,Top,Continuous
1799.2323746811849,Valve,singleGrain,12,0.6422395110401955,8.492969408692757,12,0,0,Top,Continuous
1688.8805009507637,Blade,colGrain,13,0.7889655870907086,5.504683145693984,12,0,0,Bottom,Continuous
2195.7696022302034,Block,equiGrain,14,3.858213965666901,8.061641268233808,8,0,0,Top,Die
1610.9174180629147,Nozzle,colGrain,20,2.324098360533401,2.795681609904554,20,3,0,Bottom,Die
504.7800099974763,Blade,singleGrain,28,2.491609106118741,6.114402077959228,22,0,0,Bottom,Continuous
1053.4349526849585,Blade,equiGrain,20,3.999944911558244,3.195820613504045,16,0,0,Bottom,Investment
1120.1853456765916,Valve,colGrain,22,2.181929892084077,2.1384067736688968,17,0,0,Top,Investment
919.0002418757574,Block,colGrain,30,3.945981951373689,3.062727072916024,19,0,0,Bottom,Continuous
1686.3075462080474,Valve,singleGrain,5,3.844925903417519,4.052175087872245,1,0,0,Bottom,Investment
1494.708142480792,Nozzle,singleGrain,22,1.0106116124613598,8.807049731981975,19,0,0,Top,Continuous
218.5743587963085,Blade,equiGrain,28,0.988897347204744,2.755521678812821,21,0,0,Top,Continuous
1029.332728836992,Nozzle,singleGrain,26,2.2900322342031143,8.70109221750019,21,0,0,Bottom,Die
1531.4345061167508,Block,equiGrain,18,4.967431272820502,1.343155502419609,18,0,0,Top,Continuous
2111.3394722583557,Nozzle,equiGrain,12,2.6610175056576115,8.534408227714266,10,1,0,Bottom,Continuous
147.2842877501979,Blade,equiGrain,29,0.5765263433442231,7.949517512058752,27,0,0,Top,Continuous
1860.3185594965607,Nozzle,colGrain,13,2.491043464025528,6.517548921981966,10,0,0,Top,Investment
1603.780534221419,Blade,colGrain,15,1.5922542915141709,1.7066981704678996,10,0,0,Top,Die
1835.507637367676,Nozzle,equiGrain,7,2.024706884194466,9.614266167285775,1,0,0,Bottom,Continuous
730.1362205393399,Valve,colGrain,24,3.918265979054223,6.994979684631399,22,0,0,Bottom,Continuous
1409.6272897946974,Nozzle,equiGrain,21,4.605133400013661,8.143380964883924,13,0,0,Top,Investment
1346.4931444610595,Valve,singleGrain,16,1.1667429458609375,6.2145520580879765,20,0,0,Top,Die
696.9772627484878,Valve,colGrain,24,2.525641128186777,5.1013688623324605,21,0,0,Top,Continuous
1308.7694616142137,Blade,colGrain,8,0.5396092682231366,5.529802535908098,2,0,0,Top,Continuous
633.2027140126921,Valve,equiGrain,30,4.786953961744577,7.988851372082476,13,0,0,Bottom,Die
768.3110306960224,Nozzle,colGrain,26,2.5088786292556686,3.841210576224328,25,0,0,Bottom,Investment
1433.4986953275163,Valve,colGrain,9,4.195113307195082,4.092003415217103,2,0,0,Top,Investment
2093.3994861209894,Block,equiGrain,14,2.609919272521028,1.8573406999529067,12,2,0,Top,Continuous
1813.034893743766,Nozzle,colGrain,6,2.10752312814245,3.3786788650851425,0,0,0,Bottom,Investment
996.7930071201029,Block,colGrain,25,3.6246831712220215,4.560778887442276,21,0,0,Bottom,Continuous
1954.3994222847048,Block,singleGrain,6,1.3375925646988729,5.023306439340836,0,0,0,Top,Continuous
2204.722114400798,Nozzle,singleGrain,15,3.723672327123432,7.385192311699097,10,0,0,Top,Die
1640.361303689847,Blade,colGrain,15,2.4847000940939923,8.263649401068115,10,0,0,Top,Die
975.64731523643,Block,colGrain,26,2.7444577716041216,9.053462277231246,20,0,0,Bottom,Continuous
1607.5113147738234,Nozzle,singleGrain,23,4.935535541678943,7.416547383152166,18,0,0,Bottom,Continuous
1881.825029570498,Block,equiGrain,9,1.2673089479038966,7.606337105482309,0,0,0,Top,Die
1406.399066094849,Nozzle,colGrain,23,3.916529673918492,9.8855445769908,18,0,0,Top,Continuous
1846.54629241726,Block,equiGrain,6,4.299173007312075,2.20703268449662,0,0,0,Bottom,Investment
372.72104468978944,Blade,colGrain,30,3.587287128995367,2.405033980940926,16,0,0,Bottom,Die
2058.7618716619936,Nozzle,colGrain,15,3.211682894374541,2.6583738048349272,9,0,0,Bottom,Investment
1697.6638275972823,Blade,colGrain,12,3.248912745120552,2.610699531528584,10,0,0,Bottom,Continuous
1163.5444794643377,Valve,colGrain,16,0.9472444328779096,2.451463450767669,18,0,0,Bottom,Investment
657.7202924377088,Valve,equiGrain,26,2.9039514540893587,2.3268947473037747,17,0,0,Bottom,Die
954.286235357258,Nozzle,singleGrain,27,2.31217350811849,3.533498973918739,18,0,0,Top,Die
1202.3143651469595,Valve,colGrain,16,4.709484384383952,5.837260200903121,14,0,0,Top,Investment
520.0601437825117,Valve,colGrain,24,4.938822763150056,6.098862459045412,23,0,0,Top,Investment
1574.836915666809,Block,equiGrain,19,4.580738766515524,6.258599389504638,18,0,0,Bottom,Investment
929.672449619014,Block,singleGrain,28,1.9557819933453893,8.809281185114376,21,0,0,Top,Continuous
1551.850871623119,Block,equiGrain,17,0.6252467199315084,8.619562715956114,16,0,0,Bottom,Continuous
1298.298954622123,Blade,singleGrain,22,3.181697345240173,7.534680842524898,17,0,0,Bottom,Die
1672.1586528217613,Block,singleGrain,6,1.0697785144154373,7.799111734063988,2,0,7,Top,Continuous
990.291566753826,Nozzle,colGrain,25,3.114606724070881,7.556727256601087,21,0,0,Bottom,Continuous
1452.923072234653,Nozzle,singleGrain,17,1.2949300933176504,5.591598677278965,20,0,0,Top,Investment
1520.9804789719374,Blade,colGrain,6,4.92134226442627,6.5154417988940585,1,0,0,Bottom,Continuous
2040.990822379605,Block,colGrain,12,2.3563743490581146,2.219505660711719,12,0,0,Top,Continuous
1354.3509166252304,Valve,equiGrain,16,3.41545644347921,9.10967708201001,20,1,0,Top,Die
1532.7750169158714,Nozzle,singleGrain,23,1.965232784878524,3.227229347700668,18,0,0,Top,Continuous
1641.432695027337,Block,singleGrain,19,1.7957438695258217,3.997666515018961,23,0,0,Top,Die
1110.7131183184697,Blade,colGrain,23,4.634035076593737,6.087776823329841,16,4,0,Bottom,Die
1759.2634589577497,Block,equiGrain,5,3.188405975763083,7.000470195579649,1,0,0,Top,Investment
1919.5279066503956,Block,singleGrain,6,0.9343213688817196,8.881305460037465,0,0,0,Top,Die
1411.6060467168936,Nozzle,equiGrain,23,4.052787089510197,8.081166030079942,20,0,0,Top,Continuous
551.8769012712228,Valve,singleGrain,30,1.953602866870676,8.889761875996474,20,0,0,Bottom,Investment
1115.2407161604829,Blade,colGrain,18,4.877202024830577,6.403654799865632,18,0,0,Top,Continuous
1298.5059611845686,Blade,colGrain,9,0.7596067175175167,9.547829639706023,3,0,0,Bottom,Continuous
1735.9764546540075,Valve,equiGrain,12,1.3714953289122398,2.385550706058554,8,0,0,Top,Continuous
1704.7423701870634,Blade,equiGrain,13,1.5371212301955288,4.720479449780481,10,0,6,Bottom,Die
1160.876210426636,Blade,equiGrain,17,2.7611434577825142,8.007117974837135,18,0,0,Bottom,Continuous
1612.5091509751064,Valve,equiGrain,10,1.2874461817389626,8.065380005181042,0,0,0,Bottom,Continuous
2118.691317106901,Block,singleGrain,5,2.8574874028849586,6.882086606223666,0,0,0,Bottom,Die
1701.598010458904,Valve,colGrain,6,3.320155091442534,8.234657964343366,2,0,0,Top,Die
1326.4309845779976,Blade,colGrain,7,1.4114398108955069,2.233253535823053,0,0,0,Top,Die
451.56392188256433,Blade,colGrain,27,4.689441417031869,2.3279678134932023,18,0,0,Bottom,Die
1624.393606431956,Nozzle,equiGrain,6,1.896981532316837,6.782172553188693,0,0,0,Top,Investment
1112.5264823474145,Blade,singleGrain,21,3.8163835784864815,1.3486065939520389,18,0,0,Bottom,Investment
1983.805198283692,Nozzle,singleGrain,11,0.8788991342611441,1.208900537044983,10,0,0,Bottom,Continuous
2005.090672284756,Nozzle,singleGrain,9,1.9942614195916128,8.49968994488302,1,0,0,Bottom,Die
1166.325995641383,Valve,equiGrain,22,3.952153057732866,7.5534521064792814,18,0,0,Top,Continuous
1820.157121582832,Nozzle,singleGrain,6,2.665273978289932,9.527129341930491,1,0,0,Bottom,Investment
1987.94199261162,Block,singleGrain,8,4.470933895713433,7.204403025532879,1,0,0,Bottom,Investment
1095.327351186913,Valve,colGrain,23,1.4656745724615328,7.205654820536786,20,0,0,Top,Investment
1423.7225105932437,Nozzle,singleGrain,18,0.7404440815118425,6.369508421652402,19,0,0,Top,Investment
500.5712945871273,Block,equiGrain,29,0.8967825795558894,1.6501878456113055,22,0,0,Top,Investment
1143.1603097399918,Valve,equiGrain,22,4.349964194902956,6.670308350928759,15,0,0,Top,Investment
751.2209654625077,Valve,singleGrain,25,3.030899765359452,3.5496141093682363,21,0,0,Top,Continuous
501.2249360162292,Valve,equiGrain,30,4.426994666854675,4.228150826607799,26,0,0,Bottom,Investment
1349.649072542165,Blade,singleGrain,5,1.0488208925680302,9.056854444933702,1,0,0,Top,Continuous
1891.985929799452,Nozzle,singleGrain,9,3.367802482430464,3.909809282016861,0,0,0,Top,Continuous
227.39342233538585,Blade,equiGrain,24,0.6534966370135141,2.795487360906676,24,0,0,Bottom,Investment
822.8006552198904,Nozzle,equiGrain,26,3.6890170375545313,8.292126206918468,22,3,0,Bottom,Continuous
624.343222604384,Blade,singleGrain,24,3.2130994155678745,7.051166864543495,23,0,0,Bottom,Die
1924.9592692792016,Nozzle,equiGrain,9,3.539720401927666,4.921953987140492,1,0,0,Bottom,Continuous
1967.8170112290356,Block,equiGrain,6,4.901438127910424,8.029184345249885,0,1,0,Bottom,Die
1622.055058610802,Block,equiGrain,20,3.70837330086126,6.985476737832809,17,0,0,Top,Die
1187.3617563144198,Blade,singleGrain,23,3.788742689717848,5.465631607594073,17,0,0,Top,Die
1416.4459750893773,Nozzle,equiGrain,17,4.526487113604568,7.640761524501451,20,0,0,Top,Continuous
1298.2985535596072,Blade,colGrain,6,1.692412110834011,3.880048735986653,2,0,0,Bottom,Investment
780.4795471580837,Nozzle,singleGrain,27,4.740677158513501,9.870694249726071,25,0,0,Top,Investment
1882.1345659879948,Block,equiGrain,10,3.097298833483079,9.95970798245371,0,0,0,Bottom,Investment
1698.6633640773016,Blade,singleGrain,13,4.273398874121274,9.166225261074748,8,2,0,Top,Continuous
2071.0044950278425,Block,colGrain,12,4.7291779837919465,7.609829333627709,10,0,0,Top,Continuous
1828.4437030339795,Block,equiGrain,9,3.1043347023138685,3.52063326361186,1,0,0,Top,Investment
1503.615722467398,Blade,colGrain,12,2.7973653575666937,1.717976357632346,8,0,0,Top,Investment
2263.290341216327,Block,colGrain,15,2.289516381270684,1.4245765983697325,13,0,0,Bottom,Die
1545.775855388267,Blade,singleGrain,7,4.606149443088075,7.459935072072675,0,0,0,Bottom,Investment
1621.7411284224177,Nozzle,singleGrain,21,4.018072302823809,3.786322568866882,16,0,0,Top,Die
1174.4365261454925,Blade,singleGrain,18,3.8566275696786665,7.401180467149388,19,0,0,Top,Continuous
1541.961763110804,Nozzle,singleGrain,22,3.327420061891346,6.717508218874225,19,0,0,Top,Die
1737.801788819157,Valve,singleGrain,10,1.745850349236405,1.8209190732085268,0,0,0,Bottom,Continuous
560.7690757719288,Valve,colGrain,26,1.818665615664906,7.057714477882896,24,0,0,Top,Continuous
1467.089403929598,Valve,colGrain,7,0.7086959357555589,4.642629408712922,0,0,0,Bottom,Investment
1498.0140130413993,Nozzle,singleGrain,17,2.930262506192852,5.582787196280969,13,0,0,Top,Investment
1165.7315985306018,Blade,colGrain,16,2.675146110284503,6.125928267889159,15,0,0,Bottom,Continuous
1624.1619046937064,Block,colGrain,20,4.27103367759157,8.4651554563108,20,1,0,Top,Die
1069.3003817909837,Blade,equiGrain,23,3.639430434620442,8.401766898766049,24,0,0,Bottom,Investment
1099.8077162566092,Blade,colGrain,22,4.8757606692719735,9.559799632049495,14,3,0,Bottom,Die
1086.1320090513682,Blade,colGrain,16,2.797315959678397,6.189029618961889,18,0,0,Bottom,Investment
1747.3495019050722,Block,colGrain,10,3.397937765734516,8.134988383537815,1,3,0,Top,Investment
1459.42638374506,Nozzle,equiGrain,20,3.959549748238339,7.468256126666999,18,0,0,Bottom,Investment
1958.469060558673,Block,equiGrain,12,4.467525307172227,2.2798357292627536,9,0,0,Top,Investment
1429.99596752036,Valve,singleGrain,19,2.2214500774350068,5.520650223975579,16,0,0,Top,Die
2147.4543950615957,Block,equiGrain,12,2.551993259920532,4.495710796135954,10,0,0,Top,Die
727.1004986095533,Block,equiGrain,27,4.874248980752696,5.890608945475178,22,0,0,Top,Investment
607.886861800638,Valve,colGrain,30,1.9975218886300792,8.034804641274832,23,0,0,Bottom,Die
1908.0598280668407,Nozzle,equiGrain,10,4.944508186457464,3.805996854783909,2,0,0,Bottom,Continuous
1526.567226444266,Block,colGrain,23,2.2461373451819604,4.900741819999011,17,0,0,Top,Continuous
1391.2454405181556,Blade,colGrain,8,2.7991991664543625,6.060439249307153,0,0,0,Top,Continuous
1524.9714618170055,Block,equiGrain,20,1.072716658040911,9.11097797712616,17,0,0,Bottom,Continuous
1419.3621592053346,Nozzle,equiGrain,21,0.7641691495921139,1.0709460442335557,19,0,0,Bottom,Die
1720.9589950338068,Block,equiGrain,21,4.495458076497611,4.904261941065801,18,0,0,Bottom,Die
1360.0183867129408,Valve,colGrain,22,4.990795490784487,9.208042965180308,22,0,0,Bottom,Die
2166.3860179184358,Block,equiGrain,15,4.163557050872658,7.883570012006519,10,0,0,Bottom,Investment
767.170532242462,Block,colGrain,29,2.8359419224546194,8.634282219890029,23,0,0,Top,Die
1242.6366557760582,Valve,colGrain,20,1.130110194863176,9.297275947087844,21,0,0,Bottom,Investment
284.16168965865927,Blade,colGrain,25,4.460592403463831,7.937116020206381,22,0,7,Top,Investment
897.8380548191793,Nozzle,equiGrain,24,3.416786699029566,1.0965671195148048,30,0,0,Bottom,Die
1630.1510418804992,Valve,equiGrain,12,0.5027875831681792,3.522188963927305,10,0,0,Top,Investment
1967.7543327415997,Block,colGrain,11,3.699699610518136,7.714944489472304,9,0,0,Top,Investment
1541.5623266116154,Nozzle,colGrain,17,2.867146269865998,1.1096516094858666,18,0,0,Bottom,Continuous
1716.4419712876345,Nozzle,singleGrain,8,0.5412965072232739,8.671522174710793,3,0,0,Top,Continuous
1369.603594175125,Valve,equiGrain,21,2.480824150834449,5.740238602507325,17,0,0,Bottom,Continuous
1711.015564161402,Block,singleGrain,7,0.6555916786573952,9.795841204372188,0,0,0,Top,Investment
1852.6206124002035,Block,equiGrain,10,2.393289282455818,9.729960391520958,1,0,0,Bottom,Investment
2084.81555366928,Nozzle,singleGrain,12,4.038128963783799,3.803874825216688,11,0,0,Top,Continuous
1013.2064536250828,Block,singleGrain,29,3.414429618525146,7.460606470470646,21,0,0,Bottom,Continuous
1783.3664601187847,Nozzle,singleGrain,7,1.7676234461245657,9.740022626879622,0,0,0,Bottom,Investment
1005.593380040614,Block,singleGrain,28,4.703537738057402,5.40816843370229,23,0,0,Top,Die
1695.5310299403209,Valve,colGrain,6,2.273044071852388,6.475334957333217,0,0,0,Bottom,Die
1446.7277905905544,Valve,singleGrain,17,2.6586462182624966,2.554846555868785,16,0,0,Top,Die
1143.5281499795458,Blade,equiGrain,21,0.8701582733609636,4.432746556692574,17,0,1,Bottom,Continuous
2139.398553712402,Nozzle,colGrain,13,4.920953331282805,4.235394989092352,11,0,0,Top,Die
346.2800320370146,Valve,equiGrain,30,1.52532766214053,4.8658352555230575,26,0,0,Top,Investment
1315.2631195945796,Blade,equiGrain,8,4.211669345817623,4.912951606282367,0,0,0,Top,Investment
816.5906383512855,Nozzle,colGrain,30,3.686982307104383,5.467461625470896,21,0,0,Bottom,Die
1488.7922940146009,Nozzle,colGrain,18,3.352346111490139,8.00018300292653,27,0,0,Top,Die
487.628260358938,Valve,colGrain,29,1.316140770383042,3.536252790966462,27,0,0,Top,Continuous
1795.7694258754434,Valve,singleGrain,5,4.921047035426092,3.477614990236841,1,0,0,Bottom,Continuous
1646.7941399166211,Nozzle,singleGrain,18,4.26557991471744,7.516709752439913,12,0,0,Bottom,Investment
1747.712050678358,Nozzle,colGrain,8,2.3974663103120664,1.064940530516192,0,0,0,Top,Continuous
788.7685558720037,Nozzle,singleGrain,25,3.005509694232177,3.282943928355184,29,0,0,Top,Investment
1792.7855881591822,Nozzle,equiGrain,5,3.1758528729549758,3.795122494578093,1,0,0,Top,Die
1078.975018468304,Valve,equiGrain,23,3.1829358035381805,1.459782490555856,16,0,0,Top,Investment
1956.1002417423315,Block,colGrain,8,2.972309258488159,2.930289766498078,1,0,0,Bottom,Die
1687.6048735006991,Valve,equiGrain,14,2.422251697039915,1.9073064878801536,10,0,0,Top,Investment
1564.6555102035463,Block,colGrain,23,2.7154659241365224,4.274280442412138,16,0,0,Top,Continuous
1160.7625938376152,Blade,equiGrain,17,3.3042694441775464,1.59715080126427,19,0,0,Bottom,Continuous
1309.0731192256967,Blade,colGrain,6,0.7790634067995721,4.733587533819182,1,0,0,Top,Continuous
1911.9223826352456,Nozzle,equiGrain,10,1.3521625190366,5.279036363005533,0,0,0,Bottom,Die
440.8331922118323,Valve,colGrain,28,4.321078761649179,7.244988266824389,19,0,0,Bottom,Investment
2173.915592602529,Nozzle,equiGrain,11,2.4814124571509337,4.70414564434537,8,0,0,Bottom,Die
1520.742439576174,Nozzle,singleGrain,19,4.549870884335849,5.78336540711589,19,0,0,Top,Investment
1759.253524323716,Valve,equiGrain,15,4.907828607383672,2.177254749048317,11,0,0,Top,Investment
2105.479985839541,Nozzle,equiGrain,15,4.626526879241478,4.649376088914684,10,0,2,Top,Continuous
1489.796665978463,Blade,equiGrain,8,1.5647500150995726,9.692437251560182,0,0,0,Bottom,Die
1570.7014467561053,Blade,colGrain,14,3.8695217388322662,1.0634222911937166,10,0,0,Bottom,Investment
934.86156327891,Block,equiGrain,26,1.1827078217408475,5.722882951153304,20,0,0,Bottom,Die
489.2616741321949,Valve,colGrain,30,3.3129060518939,8.682089017637768,21,0,0,Bottom,Continuous
1034.981344630621,Nozzle,singleGrain,24,2.0584243195026537,1.3036699320345386,25,0,0,Bottom,Die
2125.5171651515643,Block,singleGrain,6,3.309293480894551,4.3216340451023765,1,0,0,Bottom,Die
999.3473606793258,Block,singleGrain,27,2.789889891842375,3.376406285312245,23,0,0,Top,Continuous
771.6348346877573,Nozzle,colGrain,28,4.873807913716697,3.695145496110899,25,0,0,Bottom,Die
1389.8590080432928,Valve,singleGrain,19,1.040033470555248,2.858951489248549,16,0,0,Bottom,Die
1937.793860887669,Valve,singleGrain,13,0.7267166898287649,8.233354278205116,10,0,0,Bottom,Continuous
1337.849842464882,Valve,colGrain,17,0.540309583589771,2.846970502341546,20,0,0,Bottom,Die
1520.4670939808586,Valve,equiGrain,5,3.373621097627951,1.2315447929188528,1,0,0,Top,Continuous
1836.2933523463144,Nozzle,equiGrain,13,0.8506901348192386,4.848540059373214,10,0,0,Top,Investment
1383.902287476844,Block,colGrain,16,0.7718366582846383,5.942502543272285,17,0,0,Top,Investment
1930.2353802474124,Nozzle,colGrain,11,1.4874579022007324,9.210260325601936,13,0,0,Bottom,Investment
1746.8145279391902,Blade,colGrain,13,3.122397895610993,5.8175948777959405,10,0,0,Top,Die
2163.192981082314,Block,colGrain,13,0.988889248652116,2.5539467888420866,11,0,0,Bottom,Continuous
1568.6416527952356,Valve,singleGrain,16,4.407259163643339,6.448959946875668,19,0,0,Bottom,Die
1609.886092565013,Blade,equiGrain,12,4.211100333445424,1.7204814222837763,11,0,0,Bottom,Investment
1953.0990107391024,Valve,singleGrain,11,1.9810850803940536,7.692233427680597,12,0,0,Bottom,Continuous
468.8101829273567,Valve,equiGrain,30,4.154874362788681,6.358981906441018,22,0,0,Top,Continuous
839.3152155299576,Nozzle,equiGrain,24,3.726088368058559,4.191499065089044,24,0,0,Bottom,Investment
518.1557353862005,Nozzle,colGrain,29,1.0811075833332349,1.5239539109015638,21,0,0,Top,Continuous
818.570098602149,Nozzle,colGrain,24,2.598220091359436,8.100084602236388,21,0,0,Bottom,Investment
1696.8281766348996,Valve,colGrain,11,0.8267945639468146,3.3422713135927493,10,0,0,Top,Continuous
2142.698293063398,Valve,singleGrain,15,2.375290576746292,3.212658297922622,9,0,0,Bottom,Die
1538.0727715276705,Blade,colGrain,14,1.6588474996025773,8.276387916321092,12,0,0,Top,Investment
1341.2658061443117,Nozzle,singleGrain,17,0.9464910734363652,1.2457012265333618,18,0,0,Top,Investment
1722.4856486640838,Valve,colGrain,7,3.749609961124068,4.5383751034251,1,0,0,Bottom,Die
1379.5837577187026,Blade,colGrain,10,3.4100819698726745,6.783303742056437,0,0,0,Top,Continuous
1216.4863562203225,Valve,singleGrain,22,4.833702933001924,2.3917151685077376,15,0,0,Top,Investment
234.71771690650385,Blade,colGrain,29,0.9938498203106908,2.399289365754919,22,0,0,Top,Continuous
1371.5086737576737,Blade,singleGrain,6,4.254755624355379,7.295354978415639,0,0,0,Top,Investment
1378.5311687109456,Blade,colGrain,12,0.550902846947402,2.287971137030567,9,0,0,Bottom,Investment
1795.113883839082,Nozzle,colGrain,9,3.4155559288840163,8.28246077420344,0,0,0,Top,Die
2218.081604332051,Block,singleGrain,15,3.4311820997732614,4.394392580954182,8,0,0,Top,Investment
804.6215708541138,Nozzle,equiGrain,27,1.8206557228696103,8.778201238527508,18,2,0,Bottom,Continuous
1285.3360365618134,Blade,colGrain,6,2.985834870771836,2.580278175124946,2,4,0,Bottom,Investment
663.4515397565963,Nozzle,singleGrain,27,1.8359393174286391,8.989644196256721,20,0,7,Top,Continuous
1508.8835577465295,Block,singleGrain,22,1.340210264869659,5.282520362336773,17,0,0,Top,Investment
466.5546872995436,Blade,singleGrain,24,1.3125038357325738,2.7080718789588274,21,0,0,Bottom,Investment
1556.4903655027788,Valve,colGrain,9,0.6062763035028305,1.467558860595128,1,0,0,Bottom,Continuous
1196.8659660901596,Valve,colGrain,17,1.330004949169016,7.775170988772758,23,0,0,Top,Continuous
1699.4694035079133,Nozzle,singleGrain,7,4.135423594778294,2.2635161339767857,3,0,0,Top,Investment
2101.4979796936127,Block,singleGrain,11,4.034205693252538,7.989360805563296,10,0,0,Top,Investment
2023.432987290617,Block,colGrain,15,1.2953853486354514,2.153733543929431,12,0,0,Top,Investment
2066.7169301279846,Nozzle,equiGrain,13,1.1461092451653363,3.422047369134907,9,0,0,Bottom,Continuous
1723.014005197267,Block,singleGrain,7,4.357207452622765,2.44518178792414,0,0,9,Bottom,Investment
865.9678127064203,Blade,equiGrain,17,1.2389023199939837,1.6452699149966592,19,0,0,Top,Investment
1618.27650865764,Blade,singleGrain,11,1.6127507410928197,2.4580624159088647,9,0,0,Bottom,Investment
1576.5008193858805,Block,colGrain,18,4.187185318519343,8.1919487649245,14,0,0,Bottom,Continuous
1905.932203533904,Block,equiGrain,5,1.405107311345693,6.55898424829437,2,0,0,Bottom,Die
1884.1983984456808,Nozzle,equiGrain,8,2.609292462652679,1.5943285743764335,0,0,0,Bottom,Die
865.415794535322,Nozzle,singleGrain,27,4.286388225036784,7.523162717952853,21,0,0,Top,Die
1354.6392781522725,Valve,colGrain,23,4.310386824859879,9.740791570612524,18,0,3,Bottom,Continuous
470.9050583904244,Blade,colGrain,24,3.1294993317495137,7.344694657238275,25,0,0,Bottom,Continuous
1419.7736638900255,Blade,singleGrain,8,1.4998648759805868,7.973558782281223,2,0,0,Top,Die
782.2275550219995,Nozzle,singleGrain,29,3.362554641790853,6.4543187047592046,19,1,0,Top,Continuous
991.0602476143708,Nozzle,equiGrain,25,3.229424872174138,3.569043190549895,23,0,0,Bottom,Die
1977.8377173064264,Nozzle,colGrain,14,1.274527189138534,2.6451312273182683,12,0,0,Bottom,Investment
2041.1197000216844,Block,singleGrain,7,1.9772719862596944,7.029660121600158,0,0,0,Top,Die
719.636780014717,Valve,singleGrain,27,4.380210729147102,6.546797444030508,27,0,0,Bottom,Continuous
2035.810660497332,Nozzle,colGrain,13,3.763736530518455,1.680260144653847,10,0,0,Top,Die
1035.0739026482513,Blade,equiGrain,17,3.630788320776644,9.608676169958004,20,0,0,Top,Continuous
1045.3188419949392,Blade,colGrain,18,2.5899379892243397,9.850626488825377,15,2,0,Top,Investment
2063.816320019253,Nozzle,equiGrain,14,3.4677000392819632,6.440102148731822,9,0,0,Top,Continuous
1918.2573515481029,Block,singleGrain,5,2.38058121973456,2.8282595967052355,2,0,0,Bottom,Investment
977.4002873009229,Block,singleGrain,26,2.223588519480121,3.011037747629445,24,2,0,Top,Die
1297.7893610691383,Valve,singleGrain,19,0.6686616392813989,3.8511345041637073,17,0,0,Top,Continuous
1508.0741855354413,Nozzle,singleGrain,23,2.6886510631447997,8.17321683396647,19,0,0,Top,Continuous
729.4449744527507,Nozzle,equiGrain,25,1.327050999842052,2.973473439458138,22,0,0,Bottom,Investment
516.1757191535986,Valve,colGrain,30,2.2850627079003805,5.094970508502343,19,0,0,Top,Continuous
2213.6978629635614,Nozzle,singleGrain,15,2.9967786024195533,8.153894978694428,10,0,0,Top,Continuous
1270.6991490759008,Blade,singleGrain,21,2.8821124812412,3.1065406139735674,15,0,0,Bottom,Continuous
1214.207065356335,Blade,equiGrain,5,4.9590567085247335,9.955305785856018,2,0,0,Top,Investment
795.299966311275,Valve,singleGrain,24,1.433321828894618,5.981388746236329,16,0,0,Top,Continuous
1384.05198448769,Valve,singleGrain,19,1.872527753683924,3.3278573210718023,20,0,0,Bottom,Investment
2092.289865238795,Block,colGrain,14,3.817059966509929,4.346549785514444,11,0,0,Top,Investment
1816.6530365955584,Valve,colGrain,13,1.9144502678845348,3.1269672529304886,11,0,0,Bottom,Investment
1613.2354229781631,Valve,colGrain,11,2.412684474083855,1.750292873206297,7,0,0,Top,Investment
1722.5078516060134,Block,colGrain,16,3.2456833140847667,7.132176267243152,18,0,0,Bottom,Continuous
1981.6257738367824,Nozzle,colGrain,13,3.8471910115326073,1.4209185826026582,13,0,0,Top,Investment
2182.7322332118333,Block,colGrain,15,4.940756856743733,8.9418165765407,14,0,0,Top,Continuous
328.22347926214843,Blade,singleGrain,28,1.1681022293934622,6.401137512859038,21,0,0,Top,Die
1408.8255164427642,Nozzle,equiGrain,18,1.1677468108048823,8.794295783089837,14,0,0,Bottom,Investment
2065.516943547321,Block,equiGrain,8,4.827891190886475,5.112861818056454,2,0,0,Bottom,Die
1176.698412566421,Blade,singleGrain,19,4.781827553286602,1.8673240503909032,14,0,0,Bottom,Investment
2082.345313342961,Nozzle,singleGrain,12,2.128567264134653,2.5623234219648627,8,0,0,Bottom,Investment
1244.3663341835222,Blade,equiGrain,10,2.949229760589541,6.898434544204688,2,0,0,Top,Investment
797.8873861060047,Block,equiGrain,24,1.842737382356696,7.727738691030335,20,0,0,Top,Investment
414.6935187771167,Blade,equiGrain,26,4.224347779946443,1.658915576354968,22,0,0,Top,Die
274.8337529462773,Blade,equiGrain,30,2.262609993407301,8.470352227582545,22,0,0,Top,Die
1967.4008952531249,Valve,colGrain,11,4.199250965954631,9.739764198840271,10,0,0,Bottom,Die
874.3292098492813,Block,equiGrain,30,2.9872792016455816,3.57469732552312,17,0,0,Bottom,Continuous
1533.1051521902498,Blade,equiGrain,6,3.2406217744354917,9.389921118554248,0,0,0,Bottom,Die
2104.723877771897,Nozzle,colGrain,11,3.882284370935905,4.898139684878903,10,0,0,Top,Die
1572.751997827378,Nozzle,singleGrain,16,3.415634567803573,1.9073778598048632,18,0,0,Top,Die
1532.2492900673817,Nozzle,colGrain,22,1.689924610490536,1.124460142608461,15,0,0,Bottom,Die
1497.8237656644546,Blade,colGrain,10,3.3392304357832097,8.91679698273084,1,0,0,Top,Die
1836.5233377925704,Block,equiGrain,8,0.6627246149546808,8.612853627314998,1,0,0,Bottom,Continuous
1602.1199685973372,Nozzle,colGrain,20,1.9377427326976784,2.993526147420482,19,0,0,Bottom,Die
1506.7694811471524,Blade,equiGrain,7,2.2653727700915125,4.243175438887265,2,0,0,Bottom,Continuous
2016.66713513118,Block,singleGrain,8,1.7971813539497632,7.326845328703351,0,0,0,Top,Die
1816.9518344303383,Block,equiGrain,5,1.1422656440532652,5.222961929375194,0,0,0,Top,Die
424.1253372283358,Blade,singleGrain,25,0.6102178491309802,7.95759572894291,20,0,3,Bottom,Die
2167.4340880251725,Nozzle,equiGrain,15,3.912653827235517,1.124510360148853,11,0,0,Bottom,Continuous
886.8048836257669,Nozzle,equiGrain,29,3.898138122915255,9.914787009508588,19,0,0,Bottom,Die
1662.846393169904,Block,colGrain,17,2.8515097108640304,7.866530257069846,15,2,0,Top,Die
863.4905849705161,Block,singleGrain,27,3.3847788808003365,4.526291455252211,12,0,0,Top,Investment
1698.7521778681826,Valve,colGrain,13,2.616335986079863,9.094751467857051,10,0,0,Top,Investment
407.5164682050512,Blade,singleGrain,25,2.5066833350890305,8.412906440582905,18,0,0,Top,Investment
1036.260969108502,Block,singleGrain,24,0.6994222085519064,3.117402702682997,19,0,0,Top,Die
857.0729114143197,Nozzle,singleGrain,27,2.472600321303536,9.29520405546439,19,0,0,Bottom,Investment
2136.414486562149,Block,singleGrain,7,4.151545307641227,5.664361459515435,1,0,0,Bottom,Continuous
1512.561546027947,Blade,singleGrain,8,4.054772250855397,4.8512713439868,3,0,0,Top,Die
1139.284545515732,Blade,equiGrain,22,3.856880135766447,5.7154342633910336,16,0,0,Bottom,Continuous
1773.1883809133196,Nozzle,singleGrain,8,3.452426771643391,4.713102420181718,1,0,0,Top,Investment
1854.4214143369672,Valve,colGrain,12,3.984728699364953,1.5229032499172617,11,0,0,Top,Die
897.5589298353303,Nozzle,equiGrain,24,3.126014635481493,4.061211879746227,23,0,0,Top,Continuous
714.9792754797993,Block,singleGrain,28,2.7276816437717644,1.8689422459807103,25,0,0,Top,Investment
1154.1977397555645,Valve,colGrain,21,0.6233219755733799,3.6445934351935536,18,0,0,Top,Continuous
1526.9286435213946,Nozzle,colGrain,19,4.202797493291724,7.7074901388208925,17,0,0,Bottom,Continuous
1497.4525201251913,Block,equiGrain,20,0.9586716429605088,2.3903345591767646,18,0,0,Top,Die
994.0935802301752,Block,singleGrain,27,0.9924088289139928,6.442025037267066,16,0,0,Bottom,Continuous
1489.1216706143991,Blade,equiGrain,15,1.087640868168223,1.707390140717018,9,0,0,Top,Investment
867.3689527999769,Nozzle,singleGrain,28,4.1573695553100425,9.607713023378295,17,0,0,Top,Die
2083.0528091216306,Nozzle,colGrain,11,3.8964393316236814,3.046481858051852,10,0,0,Bottom,Continuous
1573.1913747899505,Valve,equiGrain,5,4.011560596875518,6.519713922408513,3,0,0,Top,Die
872.8672412813169,Block,singleGrain,29,4.447267912981143,7.666720522715817,18,0,0,Top,Continuous
1545.4498364491128,Blade,singleGrain,8,4.737394770376781,6.654024437128583,0,0,0,Bottom,Investment
541.5351089853607,Blade,singleGrain,24,4.732212396663617,4.750946381143674,21,0,0,Bottom,Investment
1400.769295457722,Block,colGrain,17,3.164914519741308,1.0640198506360805,18,0,0,Top,Investment
1512.736238117924,Nozzle,equiGrain,21,4.843594250899288,7.40421710634466,22,0,0,Top,Die
1891.589959187326,Nozzle,equiGrain,10,3.1812919570203206,1.24796606332961,0,0,0,Bottom,Die
509.40492005401455,Blade,singleGrain,29,2.977886176316839,2.796666836026777,20,0,0,Bottom,Die
407.1670863858957,Blade,equiGrain,24,4.646622119680981,9.955156362536847,21,0,0,Top,Continuous
836.668906659337,Blade,equiGrain,19,0.641425449706359,1.1218570457730288,18,0,0,Top,Investment
1908.691101589408,Nozzle,singleGrain,5,3.8176676657307382,7.750192285405051,0,0,0,Top,Die
1313.2473864354542,Nozzle,equiGrain,20,4.425927132667425,1.3268194288703383,21,0,0,Top,Investment
1369.6529117559014,Blade,colGrain,6,2.1165105741184256,6.469617027759334,0,0,0,Top,Continuous
1565.1191030736054,Block,colGrain,21,2.379719635987839,2.8603285105717755,23,0,0,Bottom,Continuous
1545.8552942280817,Nozzle,equiGrain,16,4.778263604500074,5.966966608229077,19,0,0,Top,Continuous
2052.112470500197,Nozzle,colGrain,11,1.2175864420331977,5.181089164113558,10,0,0,Top,Continuous
921.860979576898,Blade,equiGrain,23,1.5465788561785931,5.184328970717258,18,0,0,Top,Investment
1566.386964010821,Block,equiGrain,22,2.213287729537583,9.233384585623824,16,0,0,Bottom,Investment
1988.919524749848,Block,singleGrain,6,2.5924757124537248,8.458418415408406,5,1,0,Top,Die
322.28928687465645,Blade,singleGrain,27,1.181496404977044,8.362039333886273,25,0,0,Top,Continuous
1548.3182846659952,Blade,singleGrain,6,4.903023312786891,2.767083975110238,2,0,0,Bottom,Die
2044.6803933201315,Nozzle,singleGrain,8,3.7806110257790007,8.198423119081088,0,0,0,Bottom,Die
845.4562996528246,Block,colGrain,29,1.709492162973107,7.652197723717121,17,0,8,Bottom,Die
2094.622988248408,Nozzle,singleGrain,12,1.0372110452405163,2.4895002286915324,10,0,0,Bottom,Continuous
1972.381707140825,Block,colGrain,14,1.455175844871381,6.712870299275442,12,0,0,Top,Investment
2016.948721641793,Block,equiGrain,11,3.806832239982096,6.557050325529546,10,1,0,Top,Investment
1488.6022688510106,Nozzle,equiGrain,23,3.658845028680122,2.9491877891453675,24,0,0,Bottom,Continuous
1169.4646199006363,Blade,singleGrain,17,1.917362676187789,8.332822673799992,13,0,0,Top,Continuous
2130.400136660559,Block,singleGrain,14,3.696384554643604,2.786240958369105,8,0,0,Top,Investment
307.4791848488617,Blade,colGrain,26,2.838458689981626,3.594721007495953,25,0,0,Top,Continuous
1537.4866223366876,Blade,equiGrain,13,1.5846953661966727,9.84460589388244,10,0,0,Top,Continuous
1989.6600301552387,Nozzle,singleGrain,10,1.9500194947466536,4.129455532852463,3,0,0,Bottom,Continuous
1784.0624689895185,Valve,singleGrain,7,1.6684665253294702,5.460051251890732,1,0,0,Bottom,Continuous
1726.8921505365777,Nozzle,equiGrain,9,2.4512487715819877,2.789056101298266,2,0,0,Top,Continuous
1403.7813064566558,Nozzle,singleGrain,23,3.68677220152672,3.66866186888901,18,0,10,Top,Die
1265.5857989268611,Blade,singleGrain,20,2.878942767365833,3.546709746144536,23,0,0,Bottom,Die
1593.2535302951806,Blade,singleGrain,11,0.7546594064396552,7.206279555721319,9,0,0,Bottom,Investment
1383.4844756596408,Blade,singleGrain,7,1.9527454332645595,1.4462736669541922,0,0,0,Top,Continuous
1469.079066996347,Blade,colGrain,8,4.556255832065209,6.868109820274795,1,0,0,Top,Continuous
1257.493454930005,Blade,singleGrain,18,1.2523347372432534,9.685883322293844,22,4,0,Bottom,Die
1840.226864474742,Valve,singleGrain,9,1.44073027667907,5.347414105374553,1,0,0,Bottom,Die
1600.0323778624495,Block,equiGrain,18,3.3661802073863165,7.685798470566402,19,0,0,Top,Die
659.5638324115548,Nozzle,singleGrain,25,3.018059046975102,6.431751734098335,20,0,3,Top,Investment
735.0586572182243,Nozzle,singleGrain,30,1.371985689277647,8.072185983199697,16,0,0,Top,Die
1076.920983663249,Block,singleGrain,28,2.515043077095122,5.6649657988060085,20,0,0,Bottom,Continuous
1279.5555129428017,Valve,colGrain,19,0.8255791792462042,8.60984132578611,19,0,0,Bottom,Continuous
1884.104387547594,Block,equiGrain,9,2.316379685495683,7.106794690985986,2,0,0,Top,Continuous
1690.5277243261871,Nozzle,singleGrain,23,4.079943507943687,2.142484443002524,16,0,0,Bottom,Die
1731.560095467015,Valve,colGrain,11,4.179471914363872,9.127131434873156,10,0,0,Top,Continuous
1833.3678706408616,Block,singleGrain,16,3.3770967158605667,3.3948693742630147,13,0,0,Bottom,Continuous
1949.9001672259903,Block,colGrain,12,2.985829902936634,1.4719170094860905,10,0,0,Top,Investment
1365.2145061565732,Valve,colGrain,21,4.202179961125461,4.858725208296038,18,0,0,Top,Die
1372.4281499487834,Nozzle,equiGrain,20,4.4929314442535295,3.9438143113582265,16,0,0,Top,Investment
768.4971949603196,Nozzle,equiGrain,30,1.5852920398088697,5.972477972007549,16,0,0,Bottom,Continuous
866.7103373471584,Nozzle,singleGrain,24,1.4069017877510652,2.380513113554957,21,0,0,Top,Die
1264.998556971509,Valve,colGrain,23,4.013223892428447,8.616506488054604,17,0,0,Top,Die
1407.2918156883798,Nozzle,singleGrain,17,0.9000786989621457,9.038100572169316,17,0,0,Top,Investment
845.582602036895,Block,singleGrain,28,3.608604236649868,2.326572967280183,18,0,0,Top,Investment
1569.6784240450004,Nozzle,colGrain,23,3.20410963943135,7.100225862824277,21,0,0,Bottom,Continuous
2056.698402651291,Nozzle,singleGrain,11,1.6501624223408549,6.524277809224158,12,0,0,Top,Continuous
1891.2206798088464,Block,singleGrain,8,1.4322190089731306,2.7871386627836614,0,0,0,Top,Continuous
932.460715641743,Nozzle,singleGrain,27,1.190001737992358,3.9797705338591776,19,0,0,Bottom,Continuous
1979.6835405636928,Nozzle,colGrain,14,4.518100202819537,2.003702755312127,11,0,0,Top,Investment
1347.8589704655312,Valve,equiGrain,18,3.8006265414678393,7.412507163327148,21,0,0,Top,Die
803.8818517965944,Nozzle,colGrain,27,1.0157718982759876,2.982755659651452,19,0,0,Bottom,Continuous
1513.269142041676,Blade,colGrain,10,3.530551143316902,5.601556816894591,0,0,0,Top,Continuous
1019.226411280356,Block,equiGrain,25,3.1505710063481525,2.0682431773071315,19,0,0,Bottom,Die
1027.8700627733951,Blade,equiGrain,19,2.897381472370641,8.680153442084944,20,0,0,Bottom,Investment
1757.4932230555282,Nozzle,singleGrain,22,2.3104822674032284,6.198628052157088,12,0,0,Bottom,Die
1033.631801524046,Block,singleGrain,24,0.6556452979254498,1.7228461239601054,21,0,0,Bottom,Die
2031.330149955251,Block,equiGrain,6,1.9530104464656688,1.6210579310690434,2,0,0,Bottom,Die
1534.5907857901675,Block,equiGrain,21,1.705893521890639,7.180888086401311,22,0,0,Top,Die
434.684336909234,Blade,equiGrain,27,4.950105544282144,9.733695808597997,18,1,0,Top,Die
1519.0777755658446,Blade,equiGrain,10,2.307621727624789,3.779472893581249,1,0,0,Bottom,Die
2244.9680975137835,Nozzle,singleGrain,11,2.2734984130847606,6.094519640288954,13,0,0,Bottom,Die
1352.2389190580425,Blade,colGrain,10,0.7531886242880412,2.3047873163430683,1,0,0,Bottom,Die
640.572209394731,Valve,colGrain,24,0.5716004186826016,4.796631724660454,18,0,0,Bottom,Continuous
772.8498850185754,Nozzle,equiGrain,24,1.274859354978533,3.2456644649197086,22,0,0,Bottom,Investment
1304.3292952984907,Valve,colGrain,19,4.88311962522736,2.149195928414642,15,0,0,Top,Continuous
1712.128001961832,Valve,colGrain,6,3.025242272451907,5.957457885357333,0,0,0,Bottom,Continuous
1503.9474413240296,Nozzle,colGrain,19,2.4014156213426348,8.185751789065833,19,0,0,Bottom,Continuous
1348.4405094983297,Blade,singleGrain,7,0.737883739507881,6.470902259112279,3,0,0,Bottom,Investment
1544.098792921996,Blade,equiGrain,13,0.82544423773022,3.979154447110647,10,0,0,Top,Continuous
1400.444173236745,Blade,singleGrain,10,1.6818389594178222,5.785557250072371,0,0,0,Top,Investment
1694.0571453397024,Nozzle,equiGrain,8,0.7974008606756811,5.585055744776541,0,0,0,Top,Continuous
2109.309948894616,Block,singleGrain,10,0.7635043146385141,5.799251668592359,0,0,0,Bottom,Die
1644.271464906332,Nozzle,equiGrain,9,1.0779469562274733,3.455589325838539,0,0,0,Top,Investment
770.772975324842,Valve,singleGrain,26,4.423732461509724,8.841071330108814,22,0,0,Top,Die
1374.3021417293762,Blade,colGrain,10,1.7457432229732577,4.672994692898611,1,0,0,Top,Continuous
733.1419947854866,Nozzle,singleGrain,28,4.728137085541968,3.433606090956645,17,0,0,Top,Investment
1427.2046498792106,Blade,equiGrain,5,2.308078907865137,3.6791135916393594,0,0,0,Top,Die
1867.6116234346312,Nozzle,singleGrain,8,0.9926708526746232,7.124912799505701,1,0,0,Bottom,Continuous
551.4832835663143,Valve,equiGrain,30,4.1565269321700224,2.8079415418845537,20,0,0,Bottom,Die
1005.8737430845376,Blade,equiGrain,17,4.158962304128375,5.888747905414127,17,0,7,Bottom,Investment
1712.8781548735433,Block,colGrain,17,3.337623852788556,4.630156236650723,19,0,0,Top,Die
713.9272454967443,Valve,singleGrain,25,1.2668365514853384,6.3645429646538725,16,0,0,Bottom,Continuous
2212.4630984421256,Block,colGrain,15,3.420933950511444,1.918981264231028,7,0,0,Top,Continuous
1537.3687778508984,Blade,colGrain,8,4.230533375180997,9.705941678107513,2,0,0,Bottom,Die
1583.3278357724478,Valve,singleGrain,6,0.8234709621996232,3.600239205530403,0,0,0,Bottom,Investment
1890.6198686070015,Block,colGrain,5,1.6519807496871153,5.246654811222794,1,0,0,Top,Continuous
1781.6164774940246,Blade,colGrain,15,2.212776563160576,6.9664891273921565,11,0,0,Bottom,Die
1499.811605128401,Nozzle,colGrain,17,4.164352851225084,8.309213712304047,15,0,0,Bottom,Continuous
1820.2391608906655,Blade,colGrain,14,2.551622268759276,6.864461771510645,10,0,0,Bottom,Die
1757.2508151144718,Valve,colGrain,11,1.2772925422314112,5.782799089588638,9,0,0,Top,Continuous
993.9016796950464,Blade,singleGrain,20,4.425006839339896,2.6651975726816586,16,0,0,Top,Investment
1527.3747441660437,Block,colGrain,20,3.1802323222814044,1.1161047620660818,19,0,0,Top,Continuous
621.959442719147,Valve,equiGrain,27,2.6660435974900625,3.219451420622041,16,0,0,Top,Die
176.583349994248,Blade,colGrain,29,1.3957052382207522,4.495300958075878,20,0,0,Top,Investment
1262.4059791764112,Valve,equiGrain,21,2.7944414863559186,8.748828632815172,19,4,0,Bottom,Continuous
683.5423688732378,Valve,equiGrain,26,4.77445895215346,8.088838022308572,20,0,0,Top,Die
561.1795408536391,Nozzle,equiGrain,26,0.5327078261750504,1.8847139544772111,21,0,0,Top,Continuous
2071.729664340367,Nozzle,colGrain,15,3.3354361068985723,1.644863198105982,8,0,0,Top,Continuous
1789.9201334257164,Blade,singleGrain,11,3.470469053457514,4.752395826273522,10,0,0,Bottom,Continuous
442.27122183094826,Valve,colGrain,28,2.5341866024718467,3.2651292304531427,23,0,0,Top,Continuous
1472.928211149189,Nozzle,singleGrain,16,4.118971870117592,9.653721037431923,18,0,0,Top,Investment
2079.40513487684,Block,singleGrain,12,4.069335499459685,4.225421934737662,10,0,0,Top,Investment
1535.3264954043136,Valve,colGrain,7,3.654828719449755,5.10319015681498,1,0,7,Top,Die
388.692076649872,Blade,colGrain,29,4.4526251986440535,9.2623992866711,25,0,0,Bottom,Continuous
310.80721275648443,Blade,colGrain,28,3.983200900488696,4.657304923397799,25,0,0,Top,Continuous
2077.57069738369,Block,singleGrain,12,4.385929579808844,2.1421866199378656,9,0,0,Top,Investment
1946.768380110213,Blade,singleGrain,13,2.077243281400049,6.305787921815448,10,0,0,Bottom,Die
955.788072036096,Nozzle,singleGrain,26,1.6592870005253753,7.418596299510181,22,0,0,Bottom,Die
1153.987956320465,Blade,singleGrain,21,1.9473195443150555,6.15970100682802,18,0,0,Bottom,Investment
1689.664493353706,Valve,singleGrain,9,2.866485365537931,9.572346418244614,1,0,0,Bottom,Investment
1553.335313542203,Valve,colGrain,9,2.6134340763887582,8.191061870200748,0,0,0,Top,Investment
687.7185427714982,Valve,singleGrain,27,4.521969532430954,1.051263196233501,27,1,0,Top,Die
1752.343627201815,Valve,singleGrain,9,4.85734002074754,6.553033886221308,1,0,0,Top,Die
971.5518214879878,Blade,singleGrain,22,1.5698003962662583,9.263526472399086,19,0,0,Top,Investment
613.7175732455139,Valve,singleGrain,28,3.79935212356642,6.152269286160424,29,0,0,Bottom,Investment
1583.5544171985262,Block,singleGrain,21,4.489374849798777,7.605660048107524,14,0,0,Top,Investment
2167.573230751477,Nozzle,equiGrain,12,4.756416152758203,9.228754876539584,13,0,0,Bottom,Die
1612.68999924452,Blade,equiGrain,12,2.5816928243029533,3.432796807610348,10,0,0,Bottom,Investment
1578.77309478121,Nozzle,equiGrain,20,2.1173737413600278,9.89183036581328,19,0,0,Bottom,Die
1774.36178122008,Nozzle,singleGrain,5,2.6571610357045343,1.691574437744524,0,0,0,Top,Continuous
1691.7806154191371,Block,singleGrain,22,3.811725838485323,1.87423315827517,17,0,0,Top,Die
2122.752587735278,Block,singleGrain,11,4.642466315821048,6.206393729891873,11,0,0,Top,Continuous
646.2124805914896,Valve,equiGrain,27,3.973070270059378,9.024994359253784,14,0,0,Bottom,Continuous
1469.3059213886932,Valve,colGrain,5,4.413216397710484,9.157843155726612,3,1,0,Bottom,Investment
721.4750075307164,Valve,singleGrain,24,2.5902388258121816,1.712118021489061,19,0,0,Bottom,Investment
931.6485727068056,Blade,colGrain,21,4.870966525795676,7.534410492300287,17,0,0,Top,Investment
2234.874585061939,Nozzle,equiGrain,15,4.918256079498637,6.514403774449381,10,0,0,Bottom,Continuous
1782.340715004239,Blade,singleGrain,12,4.219173872713776,3.2057140709639773,10,0,0,Top,Die
1710.4636179711515,Nozzle,singleGrain,16,2.2104920536430503,7.340527893711557,15,0,0,Bottom,Die
1037.1766600323303,Blade,colGrain,20,0.9404163612172756,4.451654208126632,18,0,0,Top,Die
2083.9683686615226,Block,colGrain,14,0.9315722964313032,9.007201330629805,14,0,0,Top,Continuous
1494.3135183499176,Nozzle,singleGrain,16,1.0961537556090888,7.358891086740235,21,0,0,Bottom,Investment
1868.8995741444908,Nozzle,colGrain,14,3.978440513805612,3.4431351148452705,14,0,0,Top,Investment
543.4521655580581,Block,equiGrain,29,0.6767517013776176,9.139606530803228,21,0,5,Top,Investment
1942.3021334455184,Nozzle,colGrain,13,3.421496437211036,4.280599529052686,10,0,0,Top,Investment
1915.7730811669207,Block,singleGrain,6,1.3807618290797898,8.766206905465122,2,1,0,Top,Continuous
1452.8699585085528,Blade,colGrain,8,3.284083755738604,8.913667857738238,3,0,0,Bottom,Continuous
1744.358589063118,Nozzle,singleGrain,10,2.8763312523572973,1.3314028073323343,0,0,0,Top,Investment
2204.9438483857493,Block,colGrain,14,2.925831676129621,9.46901424934433,10,0,0,Bottom,Continuous
1398.0169461852174,Valve,singleGrain,6,1.7103565680878563,7.158914993120512,1,0,7,Bottom,Investment
1553.2620745187685,Valve,equiGrain,7,0.6081871718908285,6.572418280557759,0,0,0,Bottom,Die
1692.0513238387591,Valve,colGrain,13,1.0654960575566934,1.6347308555288045,14,0,0,Bottom,Investment
1541.004354241714,Blade,equiGrain,7,1.831986424140009,5.984751298536825,1,0,0,Bottom,Die
338.2564022782536,Blade,equiGrain,28,2.145825697365077,4.028923094935831,21,0,0,Bottom,Investment
711.1710671957574,Valve,colGrain,25,4.279372589616928,1.4644969524395095,21,0,0,Bottom,Die
515.1542798063715,Valve,singleGrain,27,4.771138279883856,6.050077059477136,26,0,0,Top,Investment
895.2282586990018,Nozzle,equiGrain,26,4.689014528238713,3.2254153603337685,20,0,0,Bottom,Continuous
1973.520437682628,Block,colGrain,8,4.514886760529008,5.630995033161056,0,0,6,Top,Die
781.1195072924418,Nozzle,singleGrain,30,2.845990135729429,5.778488596964487,20,0,0,Top,Continuous
344.7114487383352,Blade,equiGrain,29,2.2963432945825355,7.565122773417364,24,0,0,Bottom,Continuous
1539.3565662144374,Nozzle,singleGrain,20,3.4595288333884184,4.790475359014948,24,0,0,Top,Continuous
1292.863066005019,Valve,colGrain,16,1.1304033750276794,9.24772875613107,18,0,0,Top,Continuous
1735.4209909784036,Blade,colGrain,14,3.189524421081653,6.670795788109187,10,0,0,Bottom,Die
1578.660812922309,Block,singleGrain,22,4.721353444339886,4.015653985646079,18,0,0,Top,Investment
874.584088531989,Valve,singleGrain,24,4.788460867002718,8.73804994416145,21,2,0,Bottom,Continuous
1752.2820397495525,Blade,singleGrain,13,3.685525523212209,6.0032777836554905,10,1,0,Top,Continuous
839.0847563578574,Block,singleGrain,26,3.887602571749613,9.150178502901364,20,0,0,Top,Investment
1968.624679583938,Valve,singleGrain,11,4.16931239891683,3.871766868475439,9,0,0,Bottom,Continuous
1513.4609460787474,Blade,colGrain,6,2.741925190102759,3.823380435356707,0,0,0,Bottom,Continuous
439.77094860590046,Blade,equiGrain,24,0.72713673497361,7.835986471466901,21,0,0,Bottom,Continuous
1267.7698817431733,Blade,singleGrain,20,3.925819100561024,4.259613007307559,16,0,0,Bottom,Continuous
2242.482720188681,Block,equiGrain,11,3.5896323367714595,4.539682605746425,10,0,0,Bottom,Continuous
1327.8164046213635,Valve,colGrain,21,3.841104855987974,9.424573523370295,19,0,0,Bottom,Continuous
2183.8310454568264,Nozzle,singleGrain,11,4.651501063294987,1.1839069958030235,8,0,0,Bottom,Die
1773.9761750046346,Valve,colGrain,13,1.260497043904525,2.0859992729743766,10,0,0,Top,Die
1777.3606322888013,Valve,singleGrain,12,2.8475187631188152,5.423713554933123,12,0,0,Top,Investment
778.0155230294689,Nozzle,singleGrain,28,4.049067928493644,1.0749398913498855,25,0,0,Top,Die
1723.2588153788456,Block,equiGrain,16,3.4930010640462537,3.424654723167349,18,0,0,Bottom,Die
2130.731833273704,Nozzle,equiGrain,15,2.4346176589725554,6.479831206719044,9,0,0,Top,Die
1651.2352240594632,Nozzle,singleGrain,20,1.5059286907629614,5.50385975554604,16,0,0,Bottom,Die
330.1000176052602,Blade,singleGrain,29,0.8547551638865278,9.200472715996993,22,0,0,Top,Die
1430.4524331123134,Valve,colGrain,17,4.917161063190085,4.757098678213921,22,0,0,Bottom,Die
1293.9505360366963,Valve,singleGrain,19,4.361631614344237,2.7034767203726373,18,0,0,Bottom,Investment
1283.473984614153,Blade,equiGrain,5,4.564607510580461,5.690156023160397,2,0,0,Top,Investment
1982.383126577756,Nozzle,singleGrain,5,4.861740561879819,3.036109274543343,0,0,0,Top,Die
569.960561236994,Valve,equiGrain,27,3.439858834993384,5.830207891420261,18,0,0,Top,Continuous
1627.006117346668,Valve,singleGrain,5,2.0515254627155857,1.71200158800858,1,0,0,Top,Continuous
1265.9453578539485,Blade,equiGrain,8,4.446353415476411,7.444496315578134,1,0,0,Top,Investment
1671.2227885356265,Block,colGrain,16,4.607224263621959,5.906296327616473,19,0,0,Bottom,Continuous
1497.678437898901,Nozzle,singleGrain,17,0.7435958068774859,5.120129132614029,21,0,0,Bottom,Investment
1928.2570210187137,Nozzle,colGrain,13,4.245365476034758,4.075907311820797,8,0,0,Top,Investment
409.1796129499107,Blade,singleGrain,25,3.7057561633906686,4.387059144372962,21,0,0,Top,Investment
1201.4723887000564,Blade,singleGrain,22,3.5492000591199275,5.960178348964219,18,0,0,Top,Continuous
1912.7224103069163,Nozzle,colGrain,11,3.551638488340404,9.771804192908922,9,0,0,Top,Die
1142.1196115150256,Blade,colGrain,21,3.762289897134629,5.748305607062579,18,0,0,Top,Continuous
2045.9916658730456,Block,equiGrain,12,4.873092250946855,2.15090564024188,9,0,0,Bottom,Investment
1525.8497634510004,Blade,equiGrain,13,2.237079768549962,7.910486958984425,12,0,0,Top,Investment
1998.8908841338805,Block,colGrain,12,1.3381061167291457,9.37466522130554,15,0,0,Top,Investment
1140.1247754511337,Blade,colGrain,19,2.298728758537538,7.614840124034274,21,4,0,Top,Die
2050.4775700510763,Nozzle,equiGrain,14,1.0503348873465592,5.184860732823631,11,0,0,Top,Die
1146.9655104375538,Blade,singleGrain,18,3.8201250290962623,1.8244989648398664,20,0,0,Top,Continuous
1282.351355036085,Blade,singleGrain,21,1.8373190455777284,2.3594502669688744,18,0,0,Bottom,Die
1558.7419249385912,Nozzle,singleGrain,22,3.7081380079989823,6.035968652104492,20,4,0,Bottom,Continuous
1856.3821010593415,Valve,equiGrain,15,3.9950454441949153,3.8892636468844337,8,0,0,Top,Continuous
1379.5117477089034,Valve,equiGrain,16,1.2333468693593783,7.728392559533729,13,0,0,Bottom,Die
2124.064090304123,Nozzle,colGrain,15,1.6741993639297763,8.602746848483694,9,3,0,Bottom,Continuous
1604.3720436886615,Blade,singleGrain,6,3.5704998131102106,6.527505306204687,0,0,0,Bottom,Die
1250.5126363509698,Valve,colGrain,16,3.014587444625538,2.183154949665167,20,0,0,Bottom,Investment
1684.066562137766,Nozzle,colGrain,5,2.1129823712777185,1.0721143234493893,0,0,0,Top,Continuous
1454.4717587849746,Nozzle,singleGrain,16,0.5330740016612212,6.752251064145269,9,0,0,Top,Continuous
1765.1521266006446,Nozzle,colGrain,5,4.60014585911387,7.587413133388267,1,4,0,Bottom,Investment
2157.081189852035,Valve,singleGrain,15,4.91475894538856,6.702141673002885,10,0,0,Bottom,Die
339.0310971902609,Blade,colGrain,24,3.121983797699649,7.760905160017931,18,0,0,Bottom,Investment
861.495587849871,Block,singleGrain,27,0.7767669294665627,7.2226613649383635,22,0,0,Top,Continuous
1510.858771381113,Block,equiGrain,21,2.969679845387884,2.0354770548694168,18,0,0,Bottom,Investment
1486.4526840368276,Nozzle,colGrain,20,0.6051460773694486,9.605830759288397,18,0,0,Bottom,Die
2118.887931961517,Block,equiGrain,13,3.75162672204152,6.34704968019957,11,0,0,Top,Continuous
1603.361220106147,Blade,equiGrain,14,4.431236869000426,2.631725543280351,7,0,4,Bottom,Investment
1327.104647832808,Valve,equiGrain,17,4.047112352581776,4.755012273138892,17,0,0,Top,Die
498.2178191323964,Valve,singleGrain,29,2.952956766410445,2.616053591807898,19,0,0,Top,Investment
1532.5789336972884,Valve,colGrain,6,3.8557108512084506,9.365850765300957,0,0,0,Top,Continuous
943.9897125414194,Block,singleGrain,29,2.7470502842115625,2.6574177782734063,26,0,0,Bottom,Continuous
849.5289235262949,Block,singleGrain,29,3.614649238767287,1.0841766899741525,21,0,0,Bottom,Investment
1467.4929217404788,Nozzle,singleGrain,23,3.428633248367812,5.283457001755374,21,0,0,Top,Investment
685.4229569183675,Block,equiGrain,29,2.1366907971074696,6.809349363287513,21,0,0,Top,Investment
628.8137833980612,Valve,colGrain,28,1.939033805512751,8.697360767511235,22,0,0,Bottom,Die
1049.676358776308,Block,equiGrain,25,3.063860545157445,9.746333384694807,21,0,0,Bottom,Die
691.8403604538031,Block,equiGrain,28,3.1830350529896365,9.434053658328304,29,0,0,Bottom,Investment
406.5878074089659,Valve,equiGrain,26,3.4895340980579204,8.284411477144793,22,0,0,Top,Investment
666.9962107483518,Nozzle,colGrain,27,0.5791666940955853,6.9758005340433575,27,0,0,Bottom,Continuous
2088.077919281477,Block,singleGrain,11,2.4594031280909308,8.600978945798218,8,2,0,Top,Investment
1020.7622288242794,Blade,singleGrain,23,2.625469894992172,4.16449032715419,17,0,0,Top,Investment
1728.041454327764,Valve,singleGrain,5,3.8320991406948623,8.605178882146085,1,0,0,Bottom,Continuous
1130.170241254979,Blade,equiGrain,17,1.663349224090839,4.670542979211761,18,0,6,Bottom,Continuous
1356.557037187923,Valve,singleGrain,23,3.474377091054341,7.888358806559061,17,0,0,Top,Continuous
1489.7263658155712,Blade,singleGrain,12,4.515195710016548,4.28298188068071,9,0,2,Top,Investment
478.11100483249794,Blade,equiGrain,27,2.867049667938812,8.653583402377834,23,0,0,Bottom,Die
1272.5820399660051,Valve,equiGrain,23,3.6408714243293048,4.104327786998372,13,0,0,Top,Continuous
1950.490987992376,Nozzle,singleGrain,8,3.1126726553975628,2.394884034439692,1,0,0,Bottom,Continuous
1953.9545954581895,Valve,singleGrain,12,1.7816679172135963,6.296786783144012,9,0,0,Bottom,Investment
2135.864778518201,Nozzle,singleGrain,13,4.645295965801077,9.56478449905326,11,0,0,Bottom,Investment
412.5293351421194,Blade,colGrain,25,0.6193806173519643,3.8115671581400896,21,0,0,Bottom,Continuous
1012.6210202071436,Block,singleGrain,28,3.514064235542901,9.376543625659952,21,0,0,Bottom,Die
2089.7375924523085,Block,singleGrain,12,1.3059208330628187,7.635031991620249,10,0,0,Top,Investment
1977.784964878232,Block,colGrain,15,0.8476453064792748,1.9487721994302083,7,0,0,Top,Investment
591.23092421417,Blade,equiGrain,24,2.695922131336868,8.214473924907564,22,0,0,Bottom,Continuous
775.7525037490286,Nozzle,equiGrain,27,3.801185607356664,7.11650136039506,21,0,0,Top,Continuous
1320.3475296146105,Nozzle,colGrain,19,4.339038913436351,9.812891395048666,19,0,0,Top,Investment
1452.7752542404132,Block,equiGrain,23,0.6674539633481805,4.041504911029142,18,2,0,Top,Die
1231.5838948024425,Valve,singleGrain,22,3.535270474691413,6.862282407094392,17,0,6,Bottom,Continuous
561.3086139515142,Nozzle,colGrain,26,1.6398282684869645,7.702629679662386,33,0,10,Bottom,Investment
1033.7432823181432,Blade,singleGrain,18,4.42938401035396,1.6877556526356838,19,0,0,Top,Investment
1722.506969543051,Valve,colGrain,9,3.647665840047066,9.372188165263692,1,0,0,Bottom,Continuous
1365.4692032040134,Nozzle,equiGrain,18,0.7600606304143842,9.693240843742023,25,0,0,Top,Continuous
1869.0150538384328,Valve,singleGrain,14,2.7087771012973474,7.512177791995866,7,0,0,Top,Investment
1884.62737160729,Nozzle,singleGrain,7,4.272263940251275,7.804713910835344,0,0,0,Top,Continuous
860.0259487174744,Block,singleGrain,29,3.245788550488028,7.120598184233361,14,0,0,Top,Investment
1902.5890373775876,Valve,equiGrain,12,1.4583959577120162,4.871779245075407,10,0,0,Bottom,Continuous
1425.4802648976663,Block,colGrain,18,3.4933245450180017,2.278158802412666,19,0,4,Top,Investment
562.7254260127022,Valve,colGrain,28,0.8580896433878924,1.7744500438837405,18,0,0,Bottom,Continuous
476.8172205128206,Blade,colGrain,27,3.0545786082081188,4.5547678467644985,22,0,0,Bottom,Die
2033.7055940850985,Block,singleGrain,9,1.988626324512794,9.36495217607104,0,0,0,Top,Die
793.9794177707345,Block,equiGrain,26,3.580482712980781,4.507906971006762,19,0,0,Top,Investment
1289.8002257301296,Valve,equiGrain,23,1.1936051293231402,9.3036906347243,15,0,0,Bottom,Die
779.9137666602469,Nozzle,singleGrain,28,1.0361988738833317,5.429696470918735,23,0,0,Top,Continuous
1808.446592315352,Nozzle,equiGrain,6,1.0419002248158813,5.1550794918475855,2,0,0,Bottom,Continuous
1527.8583540946463,Nozzle,colGrain,10,0.8086898723121521,7.896822344672266,0,0,0,Top,Investment
1732.3849542191986,Block,singleGrain,21,3.556546636136872,6.839576516261676,15,0,0,Bottom,Continuous
1462.0229991645454,Block,equiGrain,21,2.2347120103116,3.7319481049863623,19,0,0,Top,Investment
1084.6373157954788,Blade,equiGrain,17,4.064342460447564,5.489540588133639,17,0,0,Top,Continuous
1599.011930865006,Nozzle,colGrain,8,0.7041739104045388,7.990668049954136,0,0,0,Bottom,Investment
1376.3084716889816,Valve,colGrain,18,3.8945145750466503,2.1824079413122863,19,0,0,Bottom,Die
523.1289951563034,Nozzle,colGrain,30,1.3236781484139724,8.15680737517408,24,0,0,Top,Investment
861.0086888045034,Block,equiGrain,26,4.834768223187906,4.544536100370266,20,0,0,Top,Investment
852.1394766461225,Block,equiGrain,28,1.766304507705297,4.356905694807583,20,0,0,Top,Die
1269.716555193631,Blade,colGrain,18,3.019223756862015,4.929478374461823,18,0,0,Bottom,Die
1652.6965430950509,Valve,equiGrain,5,1.5781028863831623,6.758159069463175,1,0,0,Bottom,Die
1934.7255471150077,Valve,equiGrain,13,4.193579064649716,9.259885829236929,10,0,0,Bottom,Die
1484.772036412421,Block,singleGrain,23,0.5923257655654963,3.750826527369376,17,0,0,Top,Investment
1131.5402333748134,Blade,colGrain,17,2.115490293219512,9.646592716040573,14,0,0,Bottom,Continuous
1280.6125737369598,Valve,colGrain,18,4.498572864033429,6.242226012914322,19,0,0,Bottom,Investment
695.2935267581953,Block,equiGrain,30,3.6402133978833167,7.084530760012309,19,3,0,Bottom,Investment
1635.1417899318285,Nozzle,colGrain,18,1.4324129671891492,5.885346059682393,18,0,0,Bottom,Die
2021.1456235133764,Nozzle,equiGrain,14,1.3545804159519363,6.424898130645493,10,0,0,Top,Die
1158.1173815957577,Blade,colGrain,20,3.354327604119125,7.8936605642698625,16,0,0,Bottom,Continuous
1216.9696905180667,Valve,equiGrain,16,1.1939632527601,8.071221343551937,18,0,0,Top,Continuous
988.4594866798152,Blade,colGrain,16,3.856117102205974,7.05182852911393,17,3,0,Top,Investment
1437.6415864404137,Blade,colGrain,5,1.724032222829843,3.5578286156064816,0,0,0,Bottom,Investment
653.7753318723084,Nozzle,equiGrain,27,3.487370948457534,3.9405866459412,20,4,1,Bottom,Investment
1166.944458499833,Blade,singleGrain,21,4.568853377057445,3.36911089962203,16,0,0,Bottom,Investment
268.1854397728822,Blade,equiGrain,26,0.8203080863827519,8.56183975959658,20,0,0,Top,Investment
366.5161225292966,Blade,singleGrain,30,2.298652227698029,3.4393606436892523,21,0,0,Top,Continuous
1379.2338295746704,Valve,singleGrain,17,1.8001039914585388,1.4589646378074024,15,0,0,Bottom,Continuous
532.9545365407403,Blade,singleGrain,26,4.4901374480892775,1.94001273443776,18,0,0,Top,Die
603.284903138826,Nozzle,equiGrain,26,0.9774072042399348,6.856202581743675,25,0,0,Top,Continuous
1721.9271195579536,Nozzle,singleGrain,18,3.4032469440328588,6.717177543566043,19,0,0,Bottom,Continuous
1549.328622478375,Block,colGrain,22,2.798803275648858,5.516846031959808,18,1,0,Top,Investment
733.7619261899057,Valve,singleGrain,24,4.312466322730503,4.895420319249896,25,0,0,Bottom,Investment
970.2884693639454,Nozzle,singleGrain,28,4.4375009118926085,6.576777635947784,21,0,0,Bottom,Die
1607.2710668676064,Block,singleGrain,22,1.4329434183706773,4.001043522644981,22,0,0,Bottom,Investment
1549.774618034139,Blade,singleGrain,9,1.254459207345611,2.7582783346055706,2,0,0,Bottom,Continuous
255.17054032208284,Blade,equiGrain,25,4.56902517009245,2.7649252233160984,21,0,0,Top,Investment
1140.737307649994,Valve,colGrain,19,4.700890579826607,8.320970233527522,13,0,0,Top,Investment
2083.3775897243486,Nozzle,colGrain,13,3.105109665433628,7.3588829089201555,12,0,0,Bottom,Continuous
1520.7691955105106,Block,equiGrain,18,4.903177415673211,1.6247914736532088,19,0,0,Bottom,Investment
1584.368095199868,Nozzle,equiGrain,22,2.148282735879558,9.891015946171946,14,0,0,Bottom,Continuous
1720.9125422200325,Nozzle,singleGrain,17,3.3022478409615164,5.2188539414362,18,0,0,Bottom,Die
983.480234437506,Nozzle,singleGrain,26,4.508760578162397,4.904199407252547,21,0,0,Bottom,Continuous
1067.1722398822924,Blade,equiGrain,16,0.9698573393067184,3.360293291175695,16,0,0,Bottom,Investment
1849.4181334128743,Nozzle,singleGrain,5,2.359729608153574,4.017242876244909,1,0,0,Top,Investment
1336.875489406996,Valve,colGrain,18,0.9574109816748894,5.923032926484175,11,2,0,Bottom,Die
2054.0646036950147,Block,singleGrain,10,2.8487814779510603,7.421537182094397,0,0,0,Top,Die
861.2187775592962,Nozzle,singleGrain,25,1.607412350200955,6.432624588918919,24,0,0,Top,Continuous
496.2217044130401,Nozzle,equiGrain,29,3.368542042745297,1.0177992529513586,25,0,0,Top,Investment
1003.2842908307948,Block,singleGrain,24,4.117574730820925,1.752097312773261,15,0,0,Bottom,Investment
675.5037957413027,Nozzle,equiGrain,30,4.136419017049368,8.19308395464399,19,0,0,Bottom,Continuous
2054.7830103726865,Block,singleGrain,14,1.2529262242281118,1.1265963192784405,10,0,0,Top,Investment
1962.2179765661504,Valve,singleGrain,12,2.607061369269744,4.735442967411929,8,0,0,Top,Die
1783.0125046347648,Nozzle,equiGrain,8,2.755458392650873,8.38452081305983,1,0,0,Top,Die
427.0237678792812,Valve,equiGrain,26,0.8051884645920238,3.068074063954768,21,0,7,Bottom,Investment
2103.808609117893,Nozzle,singleGrain,13,1.7118883440666892,8.182900392972716,9,0,0,Bottom,Investment
1130.4362949278072,Valve,colGrain,23,2.200474061656017,1.751022445187901,18,0,0,Top,Investment
496.16828665430535,Blade,equiGrain,24,4.884381326981757,4.639310372384337,16,0,0,Bottom,Investment
748.6921859381252,Nozzle,equiGrain,27,1.2080718731261586,5.055080013980372,23,0,0,Top,Die
278.2722713611291,Blade,colGrain,29,4.5350433801417,8.380145002982625,28,0,0,Top,Continuous
1598.231453641891,Valve,singleGrain,6,0.8819792213740327,8.344335061712615,0,0,0,Top,Continuous
819.5074675991186,Nozzle,singleGrain,25,2.543664871358223,2.338394191890186,22,0,0,Bottom,Investment
1306.8348858333811,Blade,equiGrain,10,1.1181059551507482,5.857758447917824,1,0,0,Bottom,Investment
115.1205628510919,Blade,colGrain,29,2.698841038134553,2.470016129118254,27,0,0,Top,Investment
2005.653066707324,Nozzle,singleGrain,15,3.735968477443017,5.022175934164232,7,0,1,Top,Investment
1491.4788617575546,Nozzle,colGrain,20,1.9016704330977288,4.634926106231653,24,0,0,Top,Die
1504.2566480439425,Valve,singleGrain,21,2.2019912186688506,5.899255441758957,24,0,0,Bottom,Die
1227.3685692539896,Valve,equiGrain,18,1.3916403938751616,3.62449500685391,18,0,0,Top,Continuous
1754.661030518162,Nozzle,colGrain,8,1.8868759346248851,1.993459862138036,4,0,0,Top,Continuous
1685.762143682617,Block,singleGrain,23,4.881925612984447,8.736483311316734,18,0,0,Top,Die
2326.2599098148166,Block,singleGrain,13,3.344875843292661,9.208287552822842,9,0,0,Bottom,Continuous
1058.3527702157276,Blade,singleGrain,18,1.0832223112450072,7.872421063915072,19,0,0,Bottom,Investment
1562.4072866645977,Blade,singleGrain,8,1.8459102433976184,5.113290635241657,0,0,0,Bottom,Continuous
676.6871101494912,Valve,singleGrain,27,1.6061960739653165,7.2277265530691235,19,0,0,Top,Die
985.4597113086018,Blade,singleGrain,21,0.8260793963935535,6.9147917269519805,16,0,5,Bottom,Continuous
1907.2523854617932,Blade,singleGrain,12,2.112795858515219,3.7209231840568657,9,0,0,Bottom,Die
2059.445276575572,Nozzle,colGrain,13,2.523868819610744,5.106911380787668,10,0,0,Bottom,Investment
1802.676077179664,Nozzle,colGrain,10,1.563522331549201,5.967467474072533,2,0,0,Bottom,Continuous
1729.7031044378095,Blade,equiGrain,13,3.91951460286952,9.355355000785943,10,0,0,Bottom,Die
1490.452037481139,Nozzle,colGrain,18,4.084140349573461,1.9614989640518188,18,0,0,Top,Continuous
392.2573759142279,Blade,equiGrain,28,1.9602581565522448,2.3163317425624648,22,0,0,Bottom,Die
1290.1877409956326,Blade,equiGrain,5,3.5053630885093496,8.113709881331605,1,0,0,Bottom,Investment
1854.413258897111,Nozzle,colGrain,8,0.9119349781768336,7.746646284288805,0,0,0,Bottom,Die
1912.053874918392,Valve,colGrain,14,3.825293606775283,4.990217597361292,12,0,0,Top,Continuous
1715.0352713597074,Valve,singleGrain,11,1.806853023842048,3.6598329169678574,10,0,3,Top,Continuous
1427.0214087412369,Blade,colGrain,5,3.9566548265414103,7.443701957767464,1,4,0,Bottom,Continuous
1912.0649375708556,Block,singleGrain,7,4.87415645902882,9.591786354421115,0,0,0,Top,Continuous
1768.6273627648384,Valve,equiGrain,14,1.087049736957813,9.57744520504402,11,0,0,Bottom,Investment
1459.829313648254,Nozzle,singleGrain,22,4.249427706485606,8.659332204323203,15,0,0,Top,Investment
2129.0135002866614,Nozzle,singleGrain,13,4.357057881462422,7.156414937578388,12,0,0,Bottom,Investment
2075.432037161022,Block,equiGrain,14,1.0832319100879406,9.09007214966039,9,0,0,Top,Continuous
1503.7298974768487,Nozzle,singleGrain,23,0.5981520283525334,7.629908742290863,20,0,0,Bottom,Die
838.746225337114,Block,singleGrain,30,1.520216341991704,2.0675613518344536,24,0,0,Bottom,Continuous
717.0308776245377,Nozzle,equiGrain,30,2.0907659462003942,6.028371430813113,24,0,0,Top,Die
1447.0988783225066,Valve,singleGrain,5,1.073363549102296,6.14076301506969,2,0,0,Top,Investment
609.3761215103015,Blade,singleGrain,26,3.710627356859527,3.976383627825375,18,0,0,Bottom,Continuous
460.696572630788,Valve,equiGrain,30,1.70613397160834,4.025198682731717,24,0,0,Top,Die
690.0458482787549,Valve,colGrain,29,3.484163862424319,6.564224481442584,15,0,0,Bottom,Die
1558.064209407223,Nozzle,colGrain,20,2.339391117956794,6.220507287412556,18,0,0,Top,Die
1494.738655108305,Valve,equiGrain,10,0.8739275274708878,4.705222647010483,0,0,0,Bottom,Investment
1446.135106752413,Nozzle,colGrain,20,3.4099991107238874,8.939962397481512,18,0,0,Top,Continuous
560.8868680978044,Blade,singleGrain,25,2.9187930411040237,4.535130017419419,23,0,0,Bottom,Continuous
2205.7314093783234,Nozzle,singleGrain,12,4.672662245275473,2.860833402758761,10,0,0,Bottom,Continuous
649.0971813023159,Nozzle,equiGrain,26,2.200067946353569,8.758718721674928,25,0,0,Top,Investment
1552.551317936755,Valve,singleGrain,10,0.5200937220201348,1.2390624665110428,2,0,0,Bottom,Investment
1191.0441508759325,Blade,equiGrain,22,1.7268651539570354,9.89057661104581,20,0,0,Bottom,Die
1919.1757982178228,Valve,equiGrain,15,2.465045424532674,1.23326643000477,13,0,7,Bottom,Die
1383.3924374276694,Valve,equiGrain,20,3.601542378354584,6.689290016033687,17,0,0,Bottom,Continuous
1625.043482862595,Blade,singleGrain,15,4.796272973953075,5.448941757323008,11,0,5,Top,Continuous
1576.474220169553,Block,singleGrain,16,4.408546062562882,9.824223452750951,17,0,0,Top,Investment
1201.71872637074,Valve,colGrain,22,1.520554064526094,1.4670288209498326,16,0,0,Bottom,Investment
551.0407020109814,Valve,equiGrain,28,1.817117456626302,2.354103621401503,20,0,0,Top,Die
2179.6976709195264,Nozzle,equiGrain,14,2.259276226215236,7.1042806202709485,12,0,0,Bottom,Die
1662.3666902162,Valve,equiGrain,5,3.902269570982712,4.756747251022603,0,0,0,Top,Die
2134.5931400696018,Block,equiGrain,12,3.271527929470905,5.116057382844433,11,0,0,Top,Die
1785.6180141402476,Valve,colGrain,11,3.2959871830172727,3.5854471253684417,9,0,0,Top,Continuous
2009.0976052763124,Nozzle,colGrain,12,3.035094827654484,8.546380712937763,10,0,0,Top,Die
841.6227495341648,Block,equiGrain,29,3.1494505651296265,7.671969292179992,14,0,0,Bottom,Investment
1714.2060547785077,Block,singleGrain,16,1.0697642861580896,9.164123427963965,21,0,0,Bottom,Continuous
1376.8251625724442,Valve,equiGrain,21,3.535931964168872,6.557181323245998,17,0,0,Top,Die
2003.233744354359,Nozzle,equiGrain,14,1.669587900399441,1.2660884170412094,10,0,0,Bottom,Investment
628.4177551254261,Block,colGrain,29,3.797904627956529,5.118134418341334,22,0,0,Top,Investment
1494.806347777176,Block,equiGrain,21,1.9581055075248384,9.46619614381748,22,0,0,Bottom,Investment
2083.008215772009,Nozzle,singleGrain,12,3.024683000212543,3.3826130286681977,12,0,0,Bottom,Investment
990.410393688839,Nozzle,singleGrain,24,1.1073695308448186,5.01935630674093,26,0,0,Bottom,Die
599.6487389375177,Valve,colGrain,25,2.1992076181704423,9.06939330537129,21,0,0,Top,Continuous
1150.5039479086563,Blade,equiGrain,19,2.443603954762427,7.738853091067535,17,0,0,Bottom,Continuous
1630.5027585775092,Valve,colGrain,9,3.454394981438831,4.921057467915374,0,0,0,Bottom,Investment
1209.4272395111827,Blade,colGrain,19,2.377115208706467,8.458740920517412,19,0,0,Bottom,Continuous
1361.0927502960735,Valve,equiGrain,20,3.54805344267387,9.35179858654573,20,0,0,Bottom,Continuous
1426.298869523153,Nozzle,equiGrain,21,1.7416698710972789,7.206022064875606,12,0,0,Bottom,Investment
1582.4012015434912,Valve,equiGrain,6,3.7160906002399607,9.858365810856473,2,0,0,Top,Die
809.7075515926869,Nozzle,colGrain,28,4.69032951869342,5.255052273716949,21,0,0,Bottom,Investment
1615.1156541694222,Block,singleGrain,18,1.286444647006716,8.551303529245294,19,0,0,Bottom,Investment
1446.5816169619716,Blade,colGrain,6,4.470755993397247,6.5817755773444215,0,0,0,Top,Die
293.8735937763304,Blade,colGrain,29,1.2214524934390405,8.534108534743613,17,0,0,Bottom,Continuous
1415.5618941696223,Block,equiGrain,16,3.455178495622132,8.03974405579752,18,0,0,Top,Investment
846.1870378876984,Nozzle,singleGrain,28,2.381176334770504,9.484650886671382,21,0,0,Top,Die
783.3976278533015,Nozzle,colGrain,28,4.409634143003944,2.897595163653985,26,0,0,Bottom,Die
909.7298471548964,Block,colGrain,25,3.701686646460219,8.146912633434274,19,0,0,Bottom,Continuous
1102.312825816405,Block,singleGrain,25,3.04495545432057,2.752247425337898,18,0,0,Bottom,Die
1390.380543289776,Valve,singleGrain,16,2.503488935012557,9.85715876167231,14,0,0,Top,Continuous
1487.707327263693,Valve,colGrain,6,0.5624887427968317,2.6775390913060355,2,0,0,Bottom,Die
1169.758611684793,Blade,singleGrain,23,3.621991095660495,3.9940689967162863,17,0,0,Top,Continuous
2022.1206914800712,Block,equiGrain,11,2.109821955450104,1.0189514835484172,10,0,0,Bottom,Investment
1384.070319130672,Nozzle,equiGrain,18,2.579394086793628,2.99154502781741,17,0,0,Bottom,Investment
1599.5517484954612,Blade,singleGrain,9,1.4259725067067308,2.432947569309793,2,0,0,Bottom,Die
1534.42480110742,Valve,singleGrain,5,4.873694324078925,2.0925652812701765,1,0,9,Bottom,Continuous
865.1245232314037,Nozzle,colGrain,28,3.174563597518472,3.3445166723106,26,0,0,Bottom,Continuous
2152.134446582033,Block,singleGrain,7,3.938434936046361,9.008604366319725,2,0,0,Bottom,Die
1120.195201530059,Blade,equiGrain,20,2.82188345038239,2.752449415610653,15,0,0,Top,Continuous
1649.8489690893125,Nozzle,singleGrain,20,4.7790335902174,8.962499239621913,18,0,0,Bottom,Continuous
832.1799605392766,Nozzle,equiGrain,24,2.7617560502030694,4.427466668461017,21,0,0,Bottom,Investment
1655.7136407350008,Valve,colGrain,10,4.250575524055588,1.5585726306946583,1,0,0,Bottom,Continuous
319.4741673436846,Blade,singleGrain,28,1.1730483316178195,1.1881434744757746,23,1,0,Top,Continuous
781.923301086183,Nozzle,colGrain,30,2.60271125101022,4.165347193832501,21,0,0,Top,Die
2059.8171630950064,Block,singleGrain,11,2.118417069233823,9.15649031283649,13,0,0,Top,Investment
2076.8448154585603,Block,colGrain,12,3.344149494515789,7.720379982949404,10,0,0,Top,Continuous
1991.1394453003047,Block,singleGrain,7,4.619994036051731,7.421522577381768,5,0,0,Top,Continuous
1317.267465843613,Valve,singleGrain,18,4.678347008681532,3.28552112296116,15,0,5,Bottom,Continuous
809.6855479215321,Nozzle,singleGrain,30,3.06899418158185,3.8169190512787576,13,0,0,Bottom,Investment
1803.312328377574,Nozzle,colGrain,7,0.8412533186054854,4.706931270516281,0,0,0,Bottom,Continuous
810.9546321154755,Nozzle,colGrain,29,2.572374114410093,3.7211961022485007,23,0,0,Top,Die
487.3198520557405,Valve,colGrain,29,2.2622442000891594,6.695185722997801,20,0,0,Top,Continuous
773.0650023939854,Block,equiGrain,29,4.553124677756494,6.299396980005838,13,0,6,Top,Continuous
1306.6665179374927,Valve,colGrain,22,4.483683289144935,6.13487042825395,18,0,0,Top,Die
628.871194382488,Block,equiGrain,27,0.5010458242231556,1.646819876126879,20,0,0,Top,Investment
1905.8232754678047,Nozzle,singleGrain,6,1.9603813153956449,6.974760999481473,0,0,0,Top,Die
1255.3547698624202,Valve,colGrain,16,3.5500362478183844,8.60617199132728,22,0,0,Bottom,Investment
1430.2001466981346,Block,equiGrain,21,4.819600490558845,1.8933512484534376,16,0,0,Top,Investment
1540.629553474399,Block,colGrain,16,1.3496830976581309,2.7061635180399914,18,0,0,Bottom,Investment
1846.639422049942,Nozzle,singleGrain,6,2.134381012831052,2.7755761361152964,0,0,0,Top,Die
1548.820080336407,Valve,colGrain,9,2.1538583437264247,5.748713054023612,0,0,0,Top,Investment
1471.4481074469568,Blade,colGrain,8,0.6359323702684977,3.020846879173199,0,0,0,Bottom,Die
1780.0136393194666,Nozzle,colGrain,12,0.8303681523267952,9.481382907370428,8,0,0,Top,Investment
1778.6135810322735,Valve,equiGrain,10,3.564647139104314,6.261776413642202,0,0,0,Bottom,Die
1865.9785739621311,Blade,singleGrain,15,4.10957896452834,7.70367650616,9,0,0,Bottom,Continuous
1924.6905564077035,Nozzle,singleGrain,9,2.555043663415218,3.100129357001866,0,0,0,Top,Continuous
1463.9369420610165,Nozzle,singleGrain,20,3.981506408254368,8.809317308639308,18,0,0,Top,Investment
1677.1163882440103,Nozzle,colGrain,10,1.6583097211120557,3.6783463526199935,1,0,0,Top,Investment
2034.9350788915465,Nozzle,colGrain,11,4.305029935149965,8.776214771090697,10,0,0,Bottom,Continuous
1616.2766480101195,Block,colGrain,20,0.8846923184707566,1.9276799676060148,15,0,0,Bottom,Die
1326.2504513858466,Nozzle,colGrain,16,0.6805043816273044,4.521473424536822,15,0,0,Top,Investment
1594.7766492714982,Blade,equiGrain,15,1.032508296639021,4.9036539499146645,11,0,0,Top,Continuous
1263.879125027265,Blade,singleGrain,17,3.242773148617391,3.197814251198293,25,0,0,Bottom,Continuous
2235.808580789184,Nozzle,singleGrain,15,3.99414056725474,6.320709142658706,14,0,0,Bottom,Die
1801.546003723481,Blade,singleGrain,14,3.2233225452631977,7.574213924439929,11,0,0,Top,Die
1685.7248367576694,Nozzle,equiGrain,21,2.620622038557149,3.7518754985630713,17,0,0,Bottom,Die
1757.1373073996128,Nozzle,equiGrain,9,3.472371696464121,2.6183801895777723,0,0,0,Bottom,Investment
1668.5054508781343,Block,colGrain,16,2.4013545027761447,2.825786832953193,18,0,0,Bottom,Die
1248.7770384555413,Valve,equiGrain,19,1.939422984659408,1.854310257012212,20,0,0,Top,Die
1581.202851853991,Valve,equiGrain,13,4.827855802577908,9.791128448247536,9,0,9,Top,Investment
2045.0600514381797,Nozzle,equiGrain,12,2.2089514050687,8.928851786814263,13,0,0,Bottom,Continuous
522.8935921459663,Nozzle,colGrain,28,2.348423875216578,1.4430349930303938,15,0,0,Top,Investment
1740.104102865375,Valve,colGrain,12,1.540537285617996,7.670936450045759,10,0,0,Bottom,Investment
1541.2086671235334,Blade,singleGrain,6,2.730340271981705,9.773489613839931,1,0,0,Bottom,Continuous
1837.5613757932588,Valve,singleGrain,5,2.733373300639575,9.543729417737504,0,0,0,Bottom,Die
1430.1451316095245,Nozzle,equiGrain,16,3.444972329122415,2.247428056211001,24,0,0,Bottom,Investment
1666.725196124463,Valve,singleGrain,8,1.9264416315733324,7.734983244985364,0,0,0,Bottom,Investment
1391.4542355577737,Valve,equiGrain,20,4.00053314206912,1.2356005783847408,19,0,0,Bottom,Die
1758.804001855615,Valve,equiGrain,11,2.019164282954093,6.793560823721918,11,0,0,Top,Continuous
1152.5989412062063,Block,singleGrain,24,3.800153526180096,8.679124202897054,21,0,0,Bottom,Continuous
395.64861048886576,Blade,equiGrain,27,3.7842276444369136,2.8727795874499185,22,0,0,Bottom,Continuous
387.2217105147881,Blade,singleGrain,30,3.894660479404929,3.1805893770763385,20,0,0,Top,Continuous
1841.141756578606,Nozzle,singleGrain,7,4.738818934406831,4.257927606833814,1,0,0,Top,Continuous
1860.7947739623123,Block,equiGrain,10,2.8270929308835107,1.9765768550620209,1,0,0,Bottom,Investment
2076.9123701679077,Block,singleGrain,8,4.692065708806206,5.118850229099583,2,0,0,Top,Die
1747.6042098221335,Nozzle,equiGrain,6,1.6246990614281194,3.299127584072904,0,0,0,Bottom,Investment
1640.581047902152,Blade,equiGrain,12,3.3104692222401533,4.354039595879189,13,0,0,Top,Continuous
1393.4206561163635,Blade,singleGrain,5,3.754291297386188,3.1382844846505336,0,0,0,Top,Investment
1620.3494903575922,Block,equiGrain,18,3.240819764574613,5.016419839802584,18,0,6,Bottom,Continuous
601.6749681846504,Nozzle,equiGrain,29,0.6805364214139666,1.5928175183275253,16,0,0,Top,Continuous
906.3252659358257,Block,equiGrain,29,3.250370266373755,5.092023673969744,21,3,0,Bottom,Die
1260.9316562687118,Blade,equiGrain,19,4.062679492485213,7.093139187675696,15,0,0,Bottom,Die
1601.23964038025,Nozzle,colGrain,16,3.0246264503544973,5.846641282603359,18,0,0,Bottom,Continuous
2278.7590297062707,Block,colGrain,13,4.879468397939589,6.526755178861359,8,0,0,Bottom,Die
1567.052634275568,Valve,equiGrain,7,4.674007314075716,6.749113842044895,1,0,0,Top,Continuous
1663.243781116682,Blade,singleGrain,12,4.1501046195798175,4.408471414534904,9,0,0,Bottom,Investment
1662.2579989457392,Nozzle,equiGrain,10,1.962947324378523,7.240898954061432,0,0,0,Top,Investment
943.153766108204,Blade,colGrain,19,0.6174045277729303,6.227088686825116,17,0,0,Top,Die
1431.3739803061694,Block,colGrain,17,2.4318112340621534,1.9256575947215928,18,0,2,Top,Investment
1749.858491309937,Nozzle,equiGrain,5,4.730773214443706,8.798262955256927,2,0,0,Top,Continuous
1948.5382893558613,Block,equiGrain,7,2.4462354102152686,7.029039354247123,1,0,0,Bottom,Continuous
1375.065779238235,Nozzle,equiGrain,20,2.288982958259026,4.574859255762705,16,0,0,Top,Investment
1145.129511915917,Valve,colGrain,16,4.562018439891492,5.150728697667026,18,0,0,Top,Investment
1517.3742513772586,Valve,singleGrain,9,4.695394738927672,2.9460359002191074,1,0,7,Top,Die
926.9744519261872,Blade,equiGrain,19,0.5369882149898209,2.2493205254312656,21,0,0,Bottom,Investment
182.788623350355,Blade,singleGrain,30,1.3426864488127392,7.555420619024945,24,0,0,Top,Investment
1876.061699512012,Nozzle,equiGrain,5,1.871761519810082,7.488812419631223,0,0,0,Bottom,Continuous
653.691787792602,Blade,singleGrain,24,4.583206426027659,2.285985779634879,21,2,0,Bottom,Die
1041.275095085451,Blade,colGrain,18,3.759648479681032,4.79350185655823,17,0,0,Top,Continuous
